{"cameraMode":{"drawMode":0,"name":"Shaded","section":"Shading Mode"},"sceneLighting":false,"audioPlay":false,"sceneViewState":{"showFog":true,"showMaterialUpdate":false,"showSkybox":true,"showFlares":true,"showImageEffects":true,"showParticleSystems":true},"in2DMode":false,"pivot":{"x":55.271461486816409,"y":-10.040542602539063,"z":-9.719680786132813},"rotation":{"x":-0.04936719313263893,"y":-0.7569052577018738,"z":0.05755404382944107,"w":-0.6491199135780335},"size":4.45698356628418,"orthographic":false}