{"cameraMode":{"drawMode":0,"name":"Shaded","section":"Shading Mode"},"sceneLighting":true,"audioPlay":false,"sceneViewState":{"showFog":true,"showMaterialUpdate":false,"showSkybox":true,"showFlares":true,"showImageEffects":true,"showParticleSystems":true},"in2DMode":false,"pivot":{"x":15.937000274658204,"y":23.445999145507814,"z":-9.3995361328125},"rotation":{"x":-0.12103492021560669,"y":-0.20046097040176392,"z":0.02496139146387577,"w":-0.9718810319900513},"size":2.8578836917877199,"orthographic":false}